p53 CDE+,p53 CDE-,VHL CDE+,VHL CDE-,KRAS CDE+,KRAS CDE-
TAF8,CDKN1A,AP4E1,BHLHE40,GREM2,ID1
FAF1,SLC4A8,CRYBB1,ARCN1,GUCA2B,SLC6A12
HSPA14,MS4A1,E2F7,GLIS3,HDAC1,TAF13
OR2T35,TAP2,EIF5A,,INSIG1,ELF2
UCHL3,CCDC51,ELK3,,KRTAP10-10,CCDC58
QRICH1,OMP,OR2AT4,,TSC22D4,ERGIC2
UBFD1,FAM181B,PGAM1,,TSPAN32,ERP44
TERF1,GINS4,RASA1,,ATOH8,FILIP1L
SPTY2D1,GRIA2,TMEM19,,RD3,GLG1
THUMPD1,IL23R,WDR37,,GSTM1,RFWD3
EHMT1,PAM,ZNF18,,KRTAP4-12,C14orf28
SRI,PSMB2,DMWD,,IFI6,LIG4
NCL,ZNF664,FBXW10,,NAGK,NOSTRIN
KNTC1,DEPDC1B,ISX,,GRPEL2,DCT
TAF1D,LILRB3,RAI1,,CR1,DNAJC5B
KIAA1524,PPP2R5A,SMARCD1,,EMX2,NT5C3A
KRTAP19-3,SLC2A4,PAK1,,KIF17,RNF17
RAB26,ATE1,ZCRB1,,MAPK9,TMCO3
BRIP1,MCM6,YBEY,,RPL15,ZNF12
SLC31A1,NFIX,ATF7IP,,OPRD1,PIGB
STAT5A,POLR3B,DCN,,BAIAP2L2,SFR1
WRN,TBCD,LUM,,ALOX5AP,CEP89
DDX31,ZNF44,FLII,,BOK,ERMN
WDR74,C9orf3,SIPA1L3,,FAM216A,PARP8
ZNF668,ESCO1,USP22,,RRAS2,SEMG2
CDAN1,KCNJ16,STX8,,RSPO1,IGSF10
NTAN1,RAPGEF3,VHL,,TACSTD2,BMF
EEF1D,TRPS1,ACTL6A,,KISS1,CCDC178
URGCP,FBXO42,ETS1,,C5orf52,GNPNAT1
CYP2A13,DHX15,APPL2,,LRRTM1,GOLGA8M
DAZAP1,NSF,OR51E2,,AMPD2,MAP3K2
GRIN2A,CSH1,ANKRD12,,EPHB4,TAS2R13
HEATR1,CCT3,MFAP4,,HIST3H2A,ZNF205
MZF1,E2F7,DESI1,,ELAVL4,ZNF730
EXO1,CX3CR1,HNRNPUL1,,CDKN1C,DUOXA2
BRAP,ISCU,MSMO1,,LAMA4,CDX2
OR2T2,KERA,SLC25A35,,NUP210,GNPDA2
PDXK,KRT40,SRSF6,,PCGF1,SLC16A12
PAPOLA,SLC10A2,ALDH3A1,,PDE4B,CYLD
ZWILCH,SULT1C4,HNRNPD,,PRSS57,PLCB4
HIST1H4K,C1QL2,NOP2,,C6orf223,ZNF253
CEP295,ITGB7,SUN2,,FN1,PROSER1
NDUFA5,MTBP,TNRC6B,,NPTX2,TSTA3
C11orf58,DNAJC18,USP14,,RIMS3,ACTL7A
ARHGEF5,GPD1,C2CD2,,RCN2,BMPR1A
CASKIN1,RBM33,AP1B1,,AP2A2,CLEC12A
NDUFB6,RGPD4,DPF2,,TMEM173,FMNL1
RBM34,STXBP3,KRIT1,,FAM71F1,KIF3B
SLC27A5,CCDC122,CYLD,,IRX1,LEO1
SURF2,MFSD5,OLA1,,TCF15,PDPR
WDR75,SORBS1,SMCO3,,AGAP3,TMSB10
ZNF425,XAB2,TIMM44,,FCAR,TRAF7
ZNF417,CCSER2,ESCO1,,KCNAB1,YEATS2
NAF1,RAD52,TADA3,,LHCGR,ZDHHC19
PSME3,POLR3F,CCDC6,,IGFBP2,ZNF705A
RAB40B,YIPF1,GNB1L,,CLDN23,COX6A2
NDUFC1,POLR2G,MAFF,,DLG2,TPTE2
RPS3,ANAPC10,NF2,,PLXNB2,ZNF519
SRFBP1,ZNF331,SOX21,,GADD45A,CFLAR
FDX1,NAPA,C16orf87,,FBXO2,XYLT1
MSRB1,ANAPC11,ZNF148,,NR1I2,KIF16B
OR2T33,EIF3C,ENTPD4,,MYOZ3,UROD
SERF2,PPP1R3C,SFSWAP,,CDHR2,FARP1
DDX21,CCDC6,TRIM16L,,GJA4,BORA
AGBL3,TMEM19,PPP4R1,,ARHGEF1,TF
FGFR1OP,PELI1,CCDC58,,FRS2,EPHA3
PSPC1,DYNC1I2,ACO2,,GAD2,HADHA
LPA,PHF5A,BLVRB,,MGST2,8-Mar
YWHAE,RSF1,DDX39B,,RUFY2,TATDN1
CACYBP,VPS4B,LOXL2,,IDUA,ZNF654
CPNE7,AGTPBP1,POLD2,,DEDD2,GNG13
FTCD,FRMD3,CTPS1,,PLEKHA4,CSGALNACT2
GAR1,HRH2,UBE2V1,,NPAS2,LATS1
GPATCH2,OR10Z1,BPTF,,CYP2D6,OLFM4
HIST1H2AB,POLR3G,BRD9,,DYNC2H1,UGT2B7
IFNA4,SEC13,CLEC12A,,PTGIR,CCDC113
PRRC2C,UBE2E2,CNTROB,,KLHL21,SLC9B1
RPL27A,DMGDH,FGF7,,CELA3B,CPNE3
TRMT1L,FAM49A,KIF1C,,HIVEP1,ITGAM
WDR48,FRS2,LIMK2,,GRIN1,CBLN1
ZNF688,FADS1,LMAN1L,,PANX2,CCDC25
TAF3,OR2T4,MED13,,PNPLA5,SDHC
FANCG,SLC16A10,MYH8,,ABL2,CCNT2
NDUFA2,PTPRC,PICK1,,ANKRD37,HLA-C
CCP110,KLHDC7A,RANGAP1,,ASAP2,IL12RB2
CDH15,KRT20,RFC2,,EVPL,ENTHD1
CCNG1,LMAN1,SLC37A1,,FHL3,SMG5
DBNDD1,PAH,TAS2R14,,FOXE3,ACRBP
DUSP22,PCDHGB7,TRIP4,,GCDH,BLK
GBA2,PTPRK,UBXN2A,,GH1,SENP6
H2AFX,SLC22A11,ZMAT5,,MYCN,USF2
MAPRE1,SLC7A4,ZNF669,,MYOG,KMT2B
POP7,USP49,ASCC3,,UBALD2,TTF1
LANCL1,GINS1,CRLS1,,APOPT1,ZKSCAN2
CPED1,IL37,SRP19,,C5orf46,SERPINB7
DNAJA1,NOD2,TRMT10A,,TMPRSS9,ST3GAL6
NMRAL1,TOM1L2,ADORA2A,,LRP10,AREL1
ZNHIT6,ATP8B4,SAMSN1,,NAPA,CPQ
BAIAP3,CARS,ZNF586,,MXRA8,GRB10
NDUFB8,CCDC167,HEBP1,,ANKRD53,LCN8
COMMD8,FOSL1,MFAP1,,ATXN7L2,SARNP
ZNF705A,GTF2H2,ZNF286A,,CYR61,TTC14
MAZ,GTF2H2C,HPS4,,LRRFIP1,SPOPL
NDUFB10,KRT39,NKAIN4,,POU4F2,TP53I3
ZBTB45,MAPK9,RBAK,,REG3A,NANP
RPL36AL,MBD3L1,CLEC7A,,MAP2K2,BPIFB3
ZNF771,MDGA2,DHX40,,CCNG2,KBTBD12
TWISTNB,OMD,H1FOO,,CYB5R1,ARHGAP31
HIST1H1D,SMCO3,HSPB1,,HSBP1L1,MYO10
COX5A,ULK4,HTN1,,LMX1A,SURF6
NDUFS2,VPS4A,JPH2,,PIP5K1B,ADAM32
RRAGA,CSNK2A2,MIA,,PLA2R1,BCAR1
SLC25A3,HSPA2,NR2C2AP,,ASB1,CCDC180
RP1L1,LRRC7,PPP6R3,,ULK4,KAT8
OR3A3,LUM,FYN,,DBNDD2,PRR3
TNFRSF12A,C10orf120,KIF2A,,NRGN,SLC1A2
COX17,GREB1L,PGS1,,RAI1,STIM1
CSH2,ODAM,SREK1,,MYCL,STX8
NDUFAF1,REG4,ZNF217,,PDLIM5,TMTC1
MEF2A,CRISPLD1,GEMIN4,,PRM2,ZNF75A
PKD1,KRT34,SETDB1,,SPDEF,CAMKK2
CCNL1,NT5DC3,APOL1,,DEGS1,FAM207A
USP38,EHBP1,EIF3K,,GMCL1,HORMAD1
RPL6,SH2B3,FNIP1,,PPP1R3G,MIA2
ZNF587,GUK1,F2RL1,,PRKCH,OR1A1
KRTAP4-4,ELOVL7,OPA1,,RNF135,TASP1
FBXL6,DBNDD2,PVR,,CGREF1,FGF9
NOM1,DAPK1,RAF1,,LRP11,PKNOX1
MPLKIP,AMPD2,RNF141,,NOG,B4GALT4
LIPT1,NKD1,SLC25A19,,PDZRN3,CA8
RPS8,SNAPC4,TXNL4B,,SPAST,DNAH9
GATAD2A,HIGD1B,VEZT,,TMEM207,IMPDH2
NEDD4L,ASCC2,RTCB,,TMEM65,IYD
CHTF18,LZTS2,SPECC1,,MAPK8IP1,GZMH
NELFA,RFESD,ATAD5,,PTGER1,C3orf56
RPL27,UBE2K,CELSR1,,TMEM14C,CPD
ULBP2,NEUROD4,FBXO39,,A1CF,NPM1
ERCC6L2,LSM7,FXYD5,,SSUH2,YPEL4
TTC14,USP44,SLC6A15,,TTC12,IL17RE
APOC1,LLGL1,SUPT20H,,MAGOHB,COCH
CTDSP2,PCDHB1,XPNPEP3,,ABTB2,NSMAF
ANKRD49,UBA6,RACGAP1,,GIPC1,DDX52
EIF4EBP1,RAP1GAP2,DSG4,,EFNA3,SND1
FANCA,FUBP3,HLTF,,GBX2,TAL2
HIST1H4E,GOLT1A,ZFP42,,HTR1A,SDHAF2
ORAI3,ZBTB26,ZNF561,,OBSCN,GYS2
IFNA1,ZC3H6,HIC2,,PURB,DPPA2
PAGR1,ACVR1B,TOMM20,,SOX1,RCBTB2
ZMYND8,AFM,FAM149A,,FEM1B,UBA2
COQ4,AREG,ISCA1,,AMDHD1,ADPRH
ZDHHC2,CYP27C1,SH2B3,,ATAD3A,ATRN
GDE1,CYSTM1,SIGLECL1,,BST1,C14orf119
DEFB4A,GAL3ST3,TPK1,,FLNC,FNBP4
YY1,GKN2,NR2F2,,RNF144A,DHODH
PIGX,KCNAB2,ADD1,,SCARF1,KCNRG
ZNF695,MUT,CEP55,,SLC35B4,LYN
RPL34,NARS,UROD,,TCTA,TBPL2
PRSS3,NCOA7,POLK,,ZNF534,WFDC9
CWF19L2,SACM1L,RAD50,,ARHGAP10,LENG8
FLT3LG,SPTB,BIRC2,,OR51D1,TIPARP
POLE4,ST3GAL5,CCDC117,,PNMA1,HELLS
ZC3H3,TMEM117,GRAP,,ARFGAP3,ARID3C
RPL23,ZFP2,IKBIP,,S1PR3,RAP1B
FNTB,ZNF2,FAM118B,,NEUROG1,NEK5
VCPKMT,GOLGA8O,IBSP,,F2RL3,ATAD5
ZNF277,HAL,ANGPTL5,,HSPB1,MMAA
STRA8,UBL5,CBS,,RIMKLA,CDH5
AGXT,DDAH2,CCNC,,MSRA,PLEKHA5
GPC6,GPX3,FAM172A,,TMEM246,RFC4
PDSS2,TUBAL3,FIGNL1,,MYOD1,RDM1
KRTAP4-2,CHRM1,NKIRAS2,,CBLN2,SDHD
SDCBP,ANKRD28,TBC1D28,,TRIM24,WFDC3
MINOS1,HIF1A,ITPR2,,ACSBG1,CD48
PWP1,TAS2R42,SEC14L1,,OSR1,ZBTB3
CHMP4C,LPXN,SENP8,,TBC1D26,XRCC2
NDUFA8,CCNB1,TRIM60,,TMEM236,FAM105A
CGB5,FBXO38,VDAC3,,DRAXIN,SAR1B
BUD13,POTEE,BIVM,,KDM2B,ZNF232
RPF1,COLEC10,DCLRE1C,,KLF2,NUDCD3
ZW10,IL18RAP,GARS,,PNP,DYNLL1
OR2C3,MCHR2,MAU2,,YTHDC2,CMTM2
AAMP,TNFRSF11B,MED15,,UTF1,NDUFAF5
ANKRD17,DYSF,URB2,,ZNF57,SLC6A6
PIM3,EIF4A3,ATG10,,CLEC3B,NUP93
PON1,ALDH4A1,CHN1,,GLIS1,CRLS1
SDHD,,DLC1,,OR2D3,CTSA
ZNF574,,ENKUR,,RAB38,ARL2BP
CHRAC1,,KEAP1,,RHOV,BLOC1S2
CR1,,LGALS13,,CDR2L,DSTN
ZG16,,SPATS2L,,ADM,KLRG1
BCL2L12,,TFF1,,ADPRHL2,KRT28
PPP4R2,,ZNF112,,FZD9,MAP2K5
PRAMEF6,,DNAJA3,,MPP4,NKX2-5
KTI12,,PRPSAP2,,TFAP2E,AMN1
OR2L5,,C12orf66,,EN1,SLC32A1
POLR1E,,C8orf37,,GALR2,ZUFSP
SPHK2,,DCTN5,,TFF2,ADAT1
APTX,,HMGXB4,,CYSTM1,DMXL2
ATP5I,,MCM8,,DGUOK,ELOVL3
CCNT1,,NDST4,,LRRC71,FABP4
NLRP13,,PMCH,,PRTN3,FGG
KIAA0513,,PPIG,,CRYAA,KRTAP4-2
FAM57B,,KAT6A,,MIXL1,POP1
ITSN2,,APOBEC3G,,PTK6,PREX1
SETD1A,,BRAF,,CAPN2,11-Sep
EFCAB2,,CEP57,,FABP2,TMEM19
CDK5,,KLRC1,,RFX4,TMX2
C20orf24,,MFSD6L,,SNAP47,TRIM49C
PHKG1,,MRPS35,,EOGT,DYNC2LI1
MORF4L1,,MYH1,,NFE2L1,VPS39
RPS27A,,RFPL1,,CDK7,CDKL3
TIMMDC1,,TAOK1,,TP63,ICAM3
DRAP1,,TNFSF13,,CALU,RRBP1
INPP4B,,TRIM69,,CCSER2,RAF1
PDSS1,,TACO1,,GOLGA8O,CHRAC1
TPSAB1,,UBE2K,,HOXA9,FAM91A1
C8orf33,,PICALM,,LEPROT,TFAP2D
PTMA,,ABCA10,,VWA1,THOC5
MAML1,,KIAA0930,,CALHM1,ZNF91
RDX,,POLR3G,,FBXO44,WFDC12
SAA2,,SIRT4,,PAAF1,CYP1A2
VWA8,,C7orf72,,CD83,PTH
CPSF4,,HOXD1,,DMRT2,YWHAZ
PAQR4,,NEO1,,MUC17,PKP2
MRPL3,,ERGIC2,,TMEM182,SLC16A9
ADAP1,,GTF2H2C,,SLC26A9,KXD1
AZIN1,,GTPBP10,,BRD3,FOXC2
COL9A3,,PAAF1,,FAM104A,KLHDC4
XCL1,,XPO7,,NLRP14,PAK1
CXCL2,,PMF1,,NPHS2,TIGD7
TMEM8A,,RALB,,PRAMEF1,ZNF195
FUS,,RNF34,,RBP1,KRTAP9-2
KRTAP10-9,,CAPS2,,TSPYL6,OSTC
IFNA17,,CES3,,ADAMTS20,GRID2
ABT1,,OSMR,,ALDH8A1,DEFB132
INPP5E,,ASCC2,,CALCA,NCALD
MRGPRX1,,EIF4ENIF1,,LSS,NMD3
SASS6,,CCM2,,MR1,TCF7L2
WDR46,,ERAP2,,MRVI1,PALB2
UBE2Q1,,KAT2A,,NADK,DCAF6
BMS1,,KIAA0907,,CDX1,SGPL1
IMMP2L,,MORC2,,GSTT2,TAS2R19
RPS11,,IL17RA,,ICA1L,REV3L
SMARCAL1,,GABARAPL1,,HOXD1,SLC7A10
CHCHD3,,HELLS,,LGALS2,POLA2
GRINA,,NUP188,,MSX2,ZNF266
N6AMT1,,BMPR1A,,SLC19A2,C3orf38
HNRNPU,,CCNDBP1,,CLCA1,TSSK4
SPTLC1,,FBXO8,,PLXDC2,PLG
TRIM28,,THOC5,,STC1,OR2T5
E2F4,,MRPL40,,AMPD3,FECH
GOLGA6B,,SPOP,,GPR141,LIG3
KRTAP10-12,,ZNF713,,IQSEC1,EIF3H
PNOC,,GAL3ST1,,MYOT,UROS
RADIL,,SUMF2,,OXCT2,ZMYND15
RPL36,,USB1,,PCYOX1,ZNF24
TNNT2,,TBX3,,PHOX2B,ZNF529
ADNP,,ZFP14,,TOM1L2,ZNF33B
HIST1H2AK,,ZNF519,,ZNF286A,CATSPER3
SRRD,,CBX6,,CREG1,N6AMT1
TMEM204,,SIRPA,,AKT1,GMPS
IRF4,,C8orf86,,APBA3,CBWD2
NME3,,FIS1,,LINC01587,CCDC112
RDH10,,GAS7,,HCFC2,GPR149
DMBT1,,HIPK4,,STX1A,OR4D10
C20orf202,,IGFL3,,TSPO,ZNF141
HIST1H1E,,MAP1LC3B,,FOXF2,CEP250
TEX10,,RANBP1,,RAB3B,DNAJB1
NDUFB2,,SORBS3,,RDH14,MEDAG
BHLHE40,,UBASH3A,,ST3GAL5,NANOG
CD37,,ZMAT4,,STAP2,NR1H2
HMCES,,KDM1B,,EREG,OLIG3
BAP1,,KRBA2,,STK10,WFDC11
KLK4,,TNFRSF13B,,LAMP1,ZBTB18
ELF2,,ZNF575,,HECTD2,ARGFX
ATP5D,,GEMIN6,,JAM3,IPO8
HIST1H2BL,,ID1,,TUSC1,PEX1
CBWD2,,ZCCHC14,,CLDN3,WDR93
C18orf25,,IMP4,,CHST12,ABCD4
NIT1,,RAB31,,PDXP,BEST3
SLC35F3,,CCDC90B,,EMB,CDC40
VSIG10L,,TAS2R30,,GFI1,ZMYM5
SART1,,PLEKHO1,,HLA-DQB1,ICOS
CA5A,,TUBAL3,,L3MBTL3,SCN5A
DDX58,,COX10,,SLC30A10,TTBK1
POLE3,,IL16,,TBC1D10B,ZNF418
TPM1,,MRPL28,,SIAH2,POLR1E
PBK,,MSTO1,,INHBA,KAT6A
APRT,,P4HA1,,TINAGL1,SAMD8
MAD2L1BP,,SIX5,,SERPINB12,SLC7A9
NPIPA1,,ALKBH5,,TARBP1,CRYGC
SFMBT2,,ETHE1,,CTBS,COX15
DSCC1,,SEC14L2,,NPTXR,KBTBD3
NDUFA4,,PSMC3IP,,PCOLCE2,SENP8
GOT2,,UPB1,,KCNC3,PMCH
LIAS,,FXYD7,,LY9,GOLGA6L6
FAM136A,,RFX3,,RSF1,IKZF3
FETUB,,WNT1,,SOX6,TM9SF4
HUS1,,ZNF564,,GNAI3,PICALM
ZNF768,,CAPRIN1,,MMP20,ARID3B
H3F3A,,KLF1,,PNPLA3,DDX39B
RBM17,,UBA6,,SPSB2,GOLGB1
SIGLEC14,,GSTCD,,GDF7,POM121L2
ZNF324,,CHRNB3,,FAM184B,GPR179
SPRR2F,,CYB5D2,,AGXT,INO80
TUSC2,,CYYR1,,LIMS3,ATP2B1
EXOSC1,,CSRP2,,YIPF5,CDH12
TUBE1,,EDC4,,CREB5,DHX8
TVP23A,,HAND2,,ELF5,ANP32A
MISP,,MYL2,,LMNB1,ESF1
PRSS1,,AKAP12,,OR4K17,AATF
GATAD1,,ROCK2,,RSBN1,LZTFL1
AKR1C1,,ZNF160,,ZNF814,DIRAS2
MRPS26,,CDRT1,,CTNNA1,SNRPG
CYC1,,PAM,,SLC24A2,U2SURP
PCMTD2,,CHADL,,CREM,XKR4
FAM135B,,TMEM60,,TNR,EXOC5
SRRM2,,ZSCAN4,,OXTR,ILF2
ZNF324B,,NACA2,,DDAH1,INS
H2AFZ,,ULK2,,TYROBP,IL17C
ZNF676,,LRIG3,,TEX261,PHYH
NASP,,SLC47A1,,PRPF38A,ATP5L2
HIST1H3A,,BTBD16,,APOBEC3H,CABLES2
KRTAP13-2,,SNRNP25,,IDI1,PXDNL
RAB22A,,BCL9L,,SPSB4,UBE2B
MFSD1,,BLVRA,,TMEM254,ZBBX
TTF2,,GLRX,,GJB3,COMMD6
ALG2,,PTPRK,,HCRT,IL11RA
CRX,,RAB4B,,IRAK2,CPNE7
EBNA1BP2,,SPOCK2,,MEOX2,LTA4H
NKAIN3,,YME1L1,,POTEE,OTOR
ISCA2,,MFAP5,,TYW3,SHPRH
INO80B,,CRTC1,,CCDC42,AKR1C1
ZNHIT3,,OMP,,CHIC2,ANKRD20A2
HIST1H2BJ,,,,C3orf58,DAPP1
MED19,,,,CDCA4,IPO13
SAA1,,,,PRMT6,NAA15
ALKBH4,,,,SMCP,POLR1D
C8orf44,,,,TGOLN2,RNF103
DNAAF5,,,,DDX60,TRIM69
MGAT2,,,,ROBO3,VPS26A
NAA30,,,,HLA-DRB5,DCAKD
PIAS4,,,,VIM,ITPA
NDUFB9,,,,FOXG1,CYB5R4
LYPLA1,,,,HLA-DQA1,HIST1H2BD
ZDHHC7,,,,KRTCAP3,GLE1
CCDC74B,,,,MAB21L2,TEX29
NIPA2,,,,MARVELD3,NLRC5
CHMP5,,,,MNDA,OR2L13
TRAPPC6B,,,,PTPN5,SNAI3
FKBP6,,,,CCDC7,SYNGR2
STIL,,,,FAM50B,ZNF169
ENTPD8,,,,WDR45B,CASC1
MBTD1,,,,GFOD1,OR7G2
ZNF124,,,,FAM43A,PELI2
DECR2,,,,GRB14,ZNF148
GDF3,,,,CEL,IFT122
CLPP,,,,MAP7D1,SLC2A13
ME2,,,,RPL13A,CDK10
OR2L3,,,,CD58,CNOT10
MPG,,,,FOXP2,DDX27
PRSS21,,,,B3GAT1,MYO1B
CELF5,,,,KCNJ15,OR13D1
RIOK2,,,,PCDHAC1,PITPNM3
TFAP4,,,,FAM181B,RASSF8
TTC39C,,,,TMPRSS11F,COMMD5
ANKRD30A,,,,TRPC4AP,EMP1
HEATR3,,,,MTF2,TEX101
SDF2,,,,LSM14B,FBXL5
RPS3A,,,,FBXO6,HIST1H3E
LCN1,,,,ARFGAP1,INHA
MSRB2,,,,GM2A,KRT6A
NDUFA10,,,,FAM210B,PNKP
PDCD5,,,,GPSM1,PTGIS
TNFSF4,,,,CD69,VPS37B
PDGFRL,,,,ASB18,CST2
IRF5,,,,CNR2,LRRC18
NDUFB4,,,,GMPPA,ZFP3
NDUFB7,,,,GRB2,ABHD10
ATP5E,,,,KCNA5,ADAM2
CEP192,,,,LMO4,GPHN
DUSP12,,,,LOR,MPV17L
FAM210A,,,,RPS10,SDCBP
ZFAND5,,,,TRAF3IP1,STK11
NDUFAF3,,,,TSPAN1,UBE2I
ARHGAP39,,,,ZNF254,NDEL1
EXOSC10,,,,ZNF474,MSL1
TRIM38,,,,GPN3,C10orf99
LAIR2,,,,PRKCG,JPH2
TERF2IP,,,,ZIC1,HDGF
C17orf58,,,,CLPP,KLRB1
HSF1,,,,SERPINH1,OTUD4
USP17L2,,,,CBX6,AAAS
RAB11FIP3,,,,DUSP2,ADSL
RHBDF1,,,,IL36RN,AHCY
SLC25A22,,,,LIMCH1,CAPRIN2
ISG20,,,,PDHX,FBXW12
ZNF174,,,,PRSS16,IMPACT
SRCAP,,,,SOCS1,MAPK6
ABCF2,,,,ZXDC,NACA2
FH,,,,AP2A1,PRH2
RPIA,,,,ATP6V1C2,PTBP3
MED23,,,,DEF6,SLC5A8
NDUFS1,,,,PIK3C2B,SLC7A5
SLC12A9,,,,SNRPF,TMOD3
MMP17,,,,NAT16,UROC1
OR2T27,,,,CYP27C1,WDR46
RIOK1,,,,PLEKHA6,ZNF845
DYRK1A,,,,YWHAQ,SDHB
ZNF592,,,,FEZ2,GOLGA6L1
NSUN3,,,,SLC43A1,RTN4RL1
PTBP1,,,,DEPDC1B,NOS1AP
TMEM87A,,,,RTCA,PLS1
PARP1,,,,ZNF219,SPATA16
RNF39,,,,CADPS2,NAP1L4
C9orf131,,,,HMGN4,ABCA1
NPL,,,,POLDIP3,CST4
RPL9,,,,HTR6,SERF2
STK11,,,,SLC39A9,CES3
AKIRIN1,,,,SLC6A4,UPF3A
LGR5,,,,ALPP,FNTA
MXRA7,,,,LRRN1,GNB4
TAS2R38,,,,ACSS2,HSD17B4
USP53,,,,CRP,NFYC
TUBD1,,,,GNG7,VASP
MYO1C,,,,ARHGAP44,VPS13A
PRCC,,,,IMP3,ERCC8
SHARPIN,,,,AK3,SLC35G3
ZNF511,,,,PPTC7,UBN1
CTRB2,,,,NR1H3,AK1
KISS1R,,,,OLIG2,HNMT
TESK1,,,,ADAMTS6,MRGPRX1
CPOX,,,,GTPBP4,TAGLN3
MTMR9,,,,ZNF408,UNC45A
TAF4,,,,GPR158,FNBP1
KAT7,,,,LMNA,SPTLC1
CLCN7,,,,TNFSF9,GLT6D1
COMMD6,,,,PRMT8,PGM2
SPATA5L1,,,,TSHR,AAMP
TRPM5,,,,MCC,CES1
COASY,,,,TFCP2,HMGB1
EIF3J,,,,INPP5F,NEK6
FAM153A,,,,ZNF530,SHCBP1
IRF7,,,,HIST2H2AA3,UGT2B11
ITGA8,,,,NLK,IL10
MAPK8IP3,,,,PGM1,MAP3K1
RPL31,,,,CCT4,RP1
VPS9D1,,,,CHEK1,APEH
ABHD11,,,,DMRTB1,HSF2
CLSPN,,,,TRIM27,KREMEN1
DFFB,,,,TRMT13,OR5T2
GTF2IRD2,,,,ALPPL2,SHISA5
9-Mar,,,,EIF4A3,NINJ1
CPA1,,,,PTPRC,TRPV1
KRTAP10-1,,,,RAVER2,UBE2D3
UBR5,,,,ASB4,CUBN
C2orf69,,,,C3orf67,GIP
TRMT1,,,,CDK20,MDC1
MAP2K2,,,,HNRNPDL,SIRT4
ULK3,,,,SMOC2,UGT2B4
NSUN5,,,,PPID,IGFL2
TSC2,,,,CNTNAP5,PCDH9
NUDT4,,,,GLDN,C11orf63
SLC35G1,,,,MFSD5,ZNF322
PPP2R3C,,,,MTUS2,AARD
RPL32,,,,NANOGNB,ALOXE3
PHLDA2,,,,NRG2,GRK6
NDUFS5,,,,PCDHA5,KCNJ4
BCCIP,,,,TMPRSS4,9-Mar
IL31RA,,,,TTC30B,SPATA13
MRPL19,,,,ZBTB4,TLN2
PALB2,,,,KBTBD8,ZC3H11A
RPP40,,,,SLC30A1,KRBA2
C2orf49,,,,GPR37,DIAPH1
CSPP1,,,,HLA-DOA,LIMD1
DUOX1,,,,LBH,UNC119
CGB2,,,,CCDC170,HESX1
HIST1H2BC,,,,MPV17L2,PPCDC
YAF2,,,,TXNDC5,TMEM132B
EIF6,,,,ALDH1L2,FOXA2
ZG16B,,,,FAM89A,MMAB
STRC,,,,NUTF2,OR3A3
GNL1,,,,ABCG1,SPG11
PRAM1,,,,GALNT3,TEX30
UQCR11,,,,INPP5B,CASS4
CAPN9,,,,TRIML1,ORC3
NPIPB6,,,,TSHZ2,CEND1
ABCC6,,,,SLC6A5,GART
CTNNB1,,,,BARX2,TREML2
FAM72B,,,,TWIST1,CD79B
HIST1H2BN,,,,HEBP2,DNAL1
TINF2,,,,TNFSF18,PPP3CA
IQCH,,,,AQP11,RNMT
GJD4,,,,PSEN2,RTN4RL2
TACC1,,,,SPEN,CTNNB1
HIST1H2AE,,,,LMX1B,SCN10A
HIST1H2BH,,,,AAED1,VAC14
MRPS18B,,,,ACYP2,ZNF174
MKI67,,,,HOXA4,DENND4A
UQCR10,,,,PTPN12,SLC7A6
VKORC1L1,,,,SCRG1,LAMTOR2
LACTB,,,,TCF3,ZNF676
ENO3,,,,CASQ1,C14orf105
TMEM140,,,,OR52E8,DDX23
CS,,,,FGF4,DHX36
IL12A,,,,MAP3K6,FUZ
PARP10,,,,LXN,GRIK2
SNAP29,,,,TRIM58,NCR2
NDUFS8,,,,RASAL2,UMPS
ZNF600,,,,SLC39A4,ENPP5
C6orf118,,,,ANKRD45,RHCG
HIST1H2BK,,,,TNK2,CALCRL
MIS18BP1,,,,PDZD8,CDV3
NBEA,,,,SH2D3A,CEP192
KLHDC3,,,,IQUB,DEFA5
BRCA2,,,,HMG20B,FAM162A
ZNF460,,,,2-Mar,FREM2
ARPP19,,,,DGKQ,HBG1
CYCS,,,,EGFL7,KIAA1551
RPS27L,,,,GSE1,KRT76
VAPB,,,,HAND1,NCOA6
PLIN3,,,,MS4A7,NEK10
SOX6,,,,MSGN1,PARN
CIDEA,,,,NKTR,PSMA8
RRP36,,,,RAB11FIP5,SCRT1
AGO2,,,,SIX5,SLC1A3
BAX,,,,ZNF575,SLC52A1
CCDC78,,,,CYP1B1,CETP
CHD7,,,,PRR16,SPINT1
CNBP,,,,DKK3,ATP5G1
DPY19L2,,,,SCN2B,CPEB1
FUT3,,,,DUOX1,DUS2
HBQ1,,,,MLYCD,RIN2
KLHDC8A,,,,C1orf115,SNCG
LETM2,,,,ACVR2B,SLC35G6
MGRN1,,,,ACP1,CDH15
MRPL32,,,,MYL1,NEXN
RPL19,,,,ANXA4,ITPR2
SLC5A2,,,,EIF2B2,ACOX1
SOCS1,,,,CNRIP1,HIST1H4L
TCERG1,,,,PEAK1,POLR3F
ZBTB11,,,,CRYGN,RNF145
ZNF253,,,,DAG1,EIF4B
B4GALT6,,,,GHITM,GTF3C5
FNTA,,,,HOXB6,PIGL
PCF11,,,,IL1B,CLASRP
FUT2,,,,MAST4,TRAF2
SET,,,,MUC1,YTHDF1
USP31,,,,NRG1,LSM1
COX11,,,,RAPGEF3,BRPF1
RNF6,,,,SIGIRR,CLDND1
TNNI3,,,,ZNF799,CLVS1
MGEA5,,,,MCL1,SPIRE1
KIF15,,,,LLGL1,MAP1LC3B2
ATP5L,,,,LAMB1,DDX5
COIL,,,,AKR1C2,VAPA
HIST2H2AC,,,,HSPB6,MARS
TMEM9B,,,,KLK15,SLC26A7
ZNF785,,,,LILRB3,PABPC1
ASPHD1,,,,NKD2,SUPT4H1
POU2F1,,,,SLC39A8,CYP8B1
TBC1D5,,,,TIGD2,ERVFRD-1
CUL2,,,,FZD4,EXOC3
NBPF15,,,,PAPOLG,FAM103A1
SLX4,,,,SOX21,GNL2
COA1,,,,BATF3,GPCPD1
FAM189B,,,,CDK5R2,ING3
FXR1,,,,GBE1,PGBD2
GALNTL5,,,,OCEL1,SERPINI1
JUND,,,,PBXIP1,SRRM1
SLC41A3,,,,ZIC4,TPT1
TOMM7,,,,EID2,COX5A
ZNF343,,,,5-Mar,FHOD3
KHDRBS3,,,,PCDHA8,TAS2R60
SDHA,,,,SNPH,TDGF1
SURF6,,,,BMP3,VPS18
NDUFB5,,,,EPGN,SMIM14
CRYGN,,,,PPFIA2,TAS2R20
HMGN1,,,,ACP5,RAD51
PTAR1,,,,CNPY1,ST6GALNAC4
DDX56,,,,TLR5,IFITM3
HIST1H1C,,,,COL16A1,BRCA2
ALCAM,,,,EZH2,VN1R2
FRG1,,,,PCSK7,C12orf49
C1orf109,,,,MNX1,CCNA1
COQ2,,,,SIAE,CACNB3
NDUFS3,,,,SMCO2,MGAT2
ZKSCAN5,,,,ACBD6,OR11H1
NDUFAF4,,,,COL6A1,SLC38A11
NRARP,,,,B3GALT6,CTPS1
SPTSSA,,,,RXFP3,GRIN2A
MRPL9,,,,STC2,SLC1A5
DEXI,,,,B3GALNT1,SLC29A3
TRDMT1,,,,CBWD1,CDKL2
FSCN1,,,,ETF1,LTF
RAD51D,,,,FAM160A2,RAP1A
ZEB2,,,,SCUBE2,SLC12A6
RMDN1,,,,AKR1B1,MTRR
SH3GL1,,,,BTNL9,PAPPA
NTHL1,,,,DGAT2,PYGB
PNO1,,,,MRGPRX4,DTX2
XPA,,,,AGFG1,VDAC1
NFIA,,,,COX8A,CLYBL
RMND5B,,,,CSMD2,DGAT1
TTC37,,,,KLF13,WDFY2
TUB,,,,IRX2,ZNF705B
UIMC1,,,,RERGL,MED29
ZNF655,,,,PRAMEF4,OR8U1
GRSF1,,,,TMEM60,PRB2
CHODL,,,,CYP2J2,NRBP1
HCN2,,,,TCF12,PARP4
GBE1,,,,TMEM41B,EXOSC8
GNPNAT1,,,,ENDOG,TRIM40
IPPK,,,,SOX8,PTPN1
RPL10A,,,,C1QTNF2,C9orf131
NCAPG2,,,,HSD17B8,MAP2K1
RNASEH1,,,,KRT37,CD2BP2
KRTAP13-1,,,,PCDHGA8,DCAF16
RAP2A,,,,PHC2,EPPIN
TRAF7,,,,ZNF35,PANK3
TM9SF4,,,,GORAB,PNMA2
MRPS22,,,,UCN,WRAP53
COX4I1,,,,B3GALT4,ZNF98
MKL2,,,,BCL11B,MGLL
OVOL2,,,,FRMD3,PGBD1
MOGAT3,,,,KCNH2,RGS3
NMRK2,,,,PCDHB2,TPTE
MTCH1,,,,PIGR,TSNAXIP1
DLD,,,,RWDD3,ELF1
IFNA13,,,,DBX2,NACC1
CDYL,,,,LCP2,PIGT
ZNF276,,,,SNCAIP,CYP1A1
EIF4H,,,,VAX2,SLCO4C1
NDUFA6,,,,FBRSL1,ST8SIA1
RGS2,,,,RPL3L,TAF6
VENTX,,,,PTPRN2,LCN10
YWHAG,,,,C10orf53,PIEZO1
ZNF524,,,,CCDC3,RSU1
COG3,,,,SCLY,SLC25A31
HTR3D,,,,TRIM25,SLC7A13
BLK,,,,GORASP2,ATP6V1C1
CFDP1,,,,NCS1,DDIT3
CDK4,,,,ATF6,TGS1
ZC3H11A,,,,ATG4D,CNGA1
SOD2,,,,CASP3,FDX1
XRCC1,,,,CDKN2D,TRHR
FAM193B,,,,UGT1A1,AP3M2
GATS,,,,FAM19A3,P2RY12
CELF2,,,,EBF3,DNAJC22
HIST1H2BD,,,,FAM3C,MAPK7
R3HDM1,,,,SYNJ1,MCMDC2
SGPL1,,,,TAS2R9,NFE2
BRCA1,,,,UNG,TPD52L2
ZZEF1,,,,ACSM2B,MRRF
CTAGE4,,,,FEZ1,NCBP1
HIST2H2BE,,,,SLC28A1,ORC4
UMOD,,,,SLC35D3,TAS2R46
KIAA2013,,,,SPATA31D1,FANCD2OS
CUBN,,,,ADRB2,OCIAD1
FOSL2,,,,ANGEL2,PSMB10
HIST1H3B,,,,BARX1,BICD1
NOB1,,,,RIC8B,CNTRL
ACCSL,,,,C11orf42,CRK
DARS2,,,,ITGB4,LENG1
PRODH2,,,,PACRG,PLEKHF1
PSMF1,,,,TRIM47,UBE2D4
SEC61B,,,,,CES5A
SERPINF1,,,,,CYB5D2
UBE2V2,,,,,POLQ
TPD52L1,,,,,RMI1
MECR,,,,,RPS25
UBE2M,,,,,UGT2B15
COX6B2,,,,,ATL1
CLDN9,,,,,BTG4
BAZ1B,,,,,GGT5
RPS7,,,,,RPE
ISOC2,,,,,BNC1
MKRN1,,,,,CRIPT
SERTAD3,,,,,FAR2
RNPS1,,,,,GRK7
DLAT,,,,,HPSE
GCSH,,,,,IDH3A
GZMM,,,,,PHF12
NDUFA11,,,,,PPAT
RFWD2,,,,,PRCP
ZNF672,,,,,PRG3
KLF7,,,,,RPL5
WFDC10A,,,,,SKA1
YRDC,,,,,SLC30A5
FBXL16,,,,,SLC47A1
NUDT15,,,,,SPACA7
ATP5C1,,,,,SREK1
CA3,,,,,STAT5A
CYP4F11,,,,,ZNF263
HYDIN,,,,,EFHB
LIN7B,,,,,FURIN
HSD17B12,,,,,SEMA5B
MGAT5,,,,,ARHGEF11
ZNF526,,,,,ATF5
PGAP1,,,,,C17orf49
SREK1,,,,,LIG1
NOC4L,,,,,LYPLA2
EPHB6,,,,,MELK
PANK3,,,,,IFITM2
SMAD1,,,,,NUDT4
CCNL2,,,,,PDZD2
MPHOSPH10,,,,,ABCC11
ABCF1,,,,,NETO2
AQP12B,,,,,DCTN6
CSPG4,,,,,HSP90B1
OR2T12,,,,,BZW1
RFFL,,,,,CCR2
CENPO,,,,,MCM8
HOXA9,,,,,TICAM1
FANCC,,,,,ZNF343
AGBL5,,,,,CINP
GON4L,,,,,GABPA
ITPK1,,,,,SLC17A2
PLXNA2,,,,,NUP214
PRDM10,,,,,POFUT1
SMARCE1,,,,,ANKS4B
TMEM259,,,,,GTF2E1
XRCC3,,,,,TRMT6
CNGA1,,,,,COX6C
NOA1,,,,,STRN3
ACTR5,,,,,VPS9D1
CTSO,,,,,AGAP9
MAX,,,,,NARS
UBXN2B,,,,,STRBP
IL17D,,,,,PFAS
ZNF311,,,,,CST9
SLC20A1,,,,,ZNF677
TBC1D10B,,,,,CSDE1
GOLGA6L1,,,,,PDE6D
PMM2,,,,,TNFSF8
RAB24,,,,,TTC26
RNF40,,,,,DSE
H3F3B,,,,,ZNF470
MT1X,,,,,CCDC144A
SPATA33,,,,,CPAMD8
COMMD3,,,,,HOMER2
ATP6V0A4,,,,,ZBTB2
FN1,,,,,UPK1A
NOL6,,,,,DAZAP1
SLC4A1AP,,,,,KRTAP13-3
TMED7,,,,,PLEKHO2
CEP152,,,,,RETNLB
FKBPL,,,,,VWF
INTS12,,,,,ARNTL2
JMJD4,,,,,COL25A1
MANBA,,,,,14-Sep
MGST2,,,,,C2orf16
CADM4,,,,,NDC80
MADCAM1,,,,,OR5C1
MTA1,,,,,YBX3
TMX1,,,,,IQGAP3
CYP2U1,,,,,TGIF1
LIG4,,,,,SUCNR1
ACTA1,,,,,MPZL2
CERS2,,,,,RTN4
CMC2,,,,,BRIP1
DCTPP1,,,,,CHST4
FOXH1,,,,,GATAD1
KLK5,,,,,IFIT1
TOX4,,,,,PAICS
EXOSC4,,,,,CYP26A1
CD1D,,,,,MMP25
ELP5,,,,,ACSM3
EWSR1,,,,,CELSR3
ARMC10,,,,,SREBF1
POP5,,,,,TAB2
ZNF24,,,,,RAB20
TCOF1,,,,,ALCAM
ARL13B,,,,,DNAJC24
FAM207A,,,,,FASTKD5
POLE2,,,,,RNF152
SCAND1,,,,,ZFP28
ZNF133,,,,,PATL1
FANCL,,,,,ACADS
MDC1,,,,,GPX2
PUM2,,,,,EDNRA
CEP41,,,,,PACS2
BACE1,,,,,LYZL4
PON2,,,,,NIPA2
PSMG1,,,,,NSRP1
PRKAR2B,,,,,ZNF569
SLC30A9,,,,,HLF
IPO5,,,,,PAQR4
PILRA,,,,,PDGFC
SMG5,,,,,GEMIN6
NPAS1,,,,,TGM3
COL18A1,,,,,ZNHIT1
EIF1,,,,,GFPT2
RTN4RL2,,,,,OR2L5
YWHAZ,,,,,SPG21
DSCAML1,,,,,ACVR2A
TRIM49C,,,,,GLI1
MDK,,,,,MAP3K7CL
MTCH2,,,,,MPHOSPH8
ACP6,,,,,PAX1
TSPAN18,,,,,ACSBG2
EMC4,,,,,ENSA
FBXO3,,,,,OCLM
GOLGA8K,,,,,CHID1
HSD3B7,,,,,MRPL45
DNAJC19,,,,,TLDC1
PRSS27,,,,,ZBTB12
SLPI,,,,,CD200R1
HERC6,,,,,MND1
ZNF597,,,,,SLC35D1
C1QTNF9B,,,,,AMFR
COG7,,,,,BET1
MUC20,,,,,NLRP9
KRTAP10-3,,,,,SGCE
TMEM97,,,,,C1orf27
KLF6,,,,,KCNT2
TTI2,,,,,ASPSCR1
LIG1,,,,,MIS18BP1
DAXX,,,,,RBP2
NECAP1,,,,,REM1
TAX1BP1,,,,,CTRB2
CBWD3,,,,,DCLRE1B
CD83,,,,,GALK2
DNAJB6,,,,,STARD6
HIST1H4D,,,,,AIFM2
LIMD2,,,,,DUSP11
LRRN2,,,,,KCTD21
MT2A,,,,,CKAP2
SLC38A2,,,,,RPAP1
MRTO4,,,,,CASP10
MTX1,,,,,DNAJB8
GADD45B,,,,,OLA1
HIST1H2AL,,,,,PIGF
SULT2B1,,,,,RIMS2
UQCRB,,,,,TMEM68
MUS81,,,,,ZCCHC17
NRBP2,,,,,MGAT1
GGA1,,,,,ZNF333
TRPA1,,,,,ATMIN
DCBLD2,,,,,ST8SIA4
ZNF85,,,,,HSBP1
SPG21,,,,,AP4E1
CHD1,,,,,HAAO
RAB40C,,,,,ITGA8
UNC119,,,,,MYH9
FRG2,,,,,GRINA
RNF7,,,,,ARHGEF7
C22orf23,,,,,DOCK5
MMP25,,,,,SLC35A5
FUT1,,,,,TMEM45A
SUCLG1,,,,,LCA5
SYF2,,,,,PKIG
EED,,,,,RAB7A
NOP9,,,,,NAE1
ZNF213,,,,,MAD2L2
ZNF579,,,,,SLC10A5
USP21,,,,,CMIP
ACBD3,,,,,HIST1H2BL
GLIS3,,,,,RYR1
NDUFA3,,,,,NDRG4
NXN,,,,,WASF3
,,,,,CDK13
,,,,,GOLGA6B
,,,,,IFI30
,,,,,ZER1
,,,,,FGF10
,,,,,GLMN
,,,,,RNF20
,,,,,TESK1