Official Cell Line Name	%GFP positive-cells	TP53 status
CADOES1	2.2	WT
JAR	2.2	WT
JJN3	2.4	WT
KMS11	3.9	WT
D341	4.4	WT
NCIH1666	5.8	WT
RERFLCAI	5.9	WT
Hs852T	6.1	WT
Hs766T	6.2	WT
ONS76	6.5	WT
L1236	6.7	WT
MM1S	6.9	WT
Li7	6.9	WT
HEYA8	7.1	WT
HCC1428	7.5	WT
NCIH358	7.6	WT
PECAPJ49	7.9	WT
IGR1	8.6	WT
SNU175	9.2	WT
SNU869	9.2	WT
SW756	9.3	WT
SISO	9.4	WT
SiHa	9.5	WT
A375	9.6	WT
MCAS	9.8	WT
SNGM	9.8	WT
GP5d	9.8	WT
COLO678	10.7	WT
SW1573	10.8	WT
SNU761	10.9	WT
MV411	11	WT
253J	11	WT
253JBV	11	WT
COV644	11.5	WT
PANC0813	11.7	WT
KP4	11.7	WT
A204	12	WT
HEC50B	12.6	WT
NALM6	13.4	WT
HT1080	14.1	WT
NCIH2452	14.3	WT
SNU1	14.6	WT
PANC0327	14.8	WT
Hs936T	15	WT
A101D	15.1	WT
CORL105	15.3	WT
PK45H	15.9	WT
HEPG2	15.9	WT
SKNAS	16.2	WT
HEC265	16.2	WT
AGS	16.3	WT
OVCAR5	16.5	WT
COLO684	16.6	WT
Colo201	16.6	WT
A2780	16.7	WT
769P	16.7	WT
KIJK	16.8	WT
NCIH460	16.9	WT
SW982	17	WT
A549	17.2	WT
HS294T	17.8	WT
JHOC5	17.9	WT
MDAMB453	18	WT
CCFSTTG1	18.5	WT
UACC257	18.7	WT
G402	18.9	WT
UACC812	18.9	WT
SKHEP1	19.1	WT
OSRC2	19.4	WT
MSTO211H	19.5	WT
MELJUSO	19.8	WT
MS751	19.9	WT
ISTMES1	20	WT
SNU719	20	WT
DoTc24510	20.2	WT
ZR751	20.9	WT
SKMEL24	20.9	WT
CALU1	21.3	WT
ACCMESO1	21.4	WT
KMRC1	21.6	WT
2313287	22	WT
NALM1	22.4	WT
TUHR4TKB	22.8	WT
HDLM2	23.4	WT
G292cloneA141B1	24.8	WT
SNU1079	25.7	WT
BDCM	25.8	WT
COLO679	25.9	WT
UACC62	26.9	WT
H4	27.1	WT
MDST8	27.8	WT
HT1197	28	WT
SNU283	28.1	WT
A3KAW	28.2	WT
WM2664	28.5	WT
NCIH292	29.4	WT
EOL1	29.8	WT
HuNS1	29.8	WT
KPL1	30.4	WT
NCIH2052	30.5	WT
D283MED	30.7	WT
WM1799	30.8	WT
CASKI	30.9	WT
KATOIII	31.1	WT
NCIH1395	31.36	WT
NMCG1	31.4	WT
OVISE	31.8	WT
JVM2	32.6	WT
JM1	33	WT
KU1919	33.3	WT
A427	33.7	WT
C32	33.9	WT
SKNMC	34.7	WT
CORL23	34.9	WT
MCF7	35	WT
NCIH1299	35.2	WT
NB1	35.6	WT
SW48	35.8	WT
COLO792	36.8	WT
TUHR14TKB	37	WT
AMO1	37	WT
JHH1	37.3	WT
NCIH1944	37.5	WT
TOV21G	37.7	WT
HS695T	37.8	WT
U87MG	37.9	WT
Hs939T	38.1	WT
MHHNB11	39.7	WT
IMR32	39.9	WT
NUGC4	39.9	WT
SAOS2	40	WT
HuTu80	40	WT
LOXIMVI	40.8	WT
SIMA	41	WT
MELHO	41.4	WT
OCIAML2	42.1	WT
G401	42.5	WT
JHUEM1	42.5	WT
OVTOKO	42.9	WT
LU99	43	WT
CAL51	43.2	WT
CAL72	43.2	WT
MPP89	44.2	WT
CAKI2	44.5	WT
SJSA1	44.7	WT
WM793	45	WT
SNU840	45.9	WT
KPNSI9s	46	WT
LOVO	46.6	WT
SUPM2	46.7	WT
LS180	47	WT
KPNYN	47.1	WT
697	48	WT
JVM3	48	WT
OCIAML3	48.4	WT
CAKI1	49.5	WT
KS1	49.6	WT
DKMG	49.6	WT
HT144	50.5	WT
OVMANA	50.5	WT
RKO	50.9	WT
WM115	51.7	WT
WM88	52.1	WT
LS513	52.3	WT
RCC10RGB	52.4	WT
U2OS	52.6	WT
GIMEN	52.9	WT
MALME3M	53.4	WT
HCC2218	53.8	WT
CHP212	54.8	WT
TUHR10TKB	54.8	WT
NH6	55	WT
K029AX	55.2	WT
SNU1041	55.7	WT
DU4475	55.9	WT
SF126	56.3	WT
COV434	57	WT
BV173	57.4	WT
NCIH28	58	WT
RT4	58.1	WT
IM95	59.2	WT
SH4	59.3	WT
RMGI	59.4	WT
SKMEL5	59.8	WT
KNS81	60	WT
HL60	60.4	WT
JL1	61.6	WT
KMRC2	62.7	WT
KYM1	64.3	WT
AM38	64.4	WT
ZR7530	64.4	WT
MDAMB175VII	65.6	WT
GOTO	65.7	WT
HCT116	66.1	WT
JHUEM2	66.4	WT
SIGM5	66.8	WT
TE441T	68.4	WT
GRANTA519	68.7	WT
NH12	70.4	WT
M07E	71.5	WT
MDAPCA2B	73.6	WT
HUO9	74.9	WT
RS411	77.4	WT
HEMCSS	78.5	WT
TE617T	78.7	WT
CAL54	78.9	WT
SKNSH	82.7	WT
MHHCALL2	82.8	WT
OAW42	83.6	WT
PL21	83.7	WT
OCIAML5	85	WT
GP2D	85.1	WT
ACHN	86.1	WT
SNU466	89	WT
HCC1500	89.7	WT
DBTRG05MG	98.8	WT
A2058	0	mut
KO52	0.4	mut
KOPN8	0.5	mut
Daudi	0.6	mut
RERFGC1B	2	mut
HCC1806	2.6	mut
KMS34	2.6	mut
KMS12BM	2.8	mut
HMC18	3.4	mut
HUH1	3.9	mut
GI1	4.1	mut
NCIH209	4.1	mut
JIMT1	4.5	mut
SKMM2	4.7	mut
LP1	4.8	mut
5637	4.9	mut
TE11	5.1	mut
L363	5.1	mut
NCIH1568	5.4	mut
BICR22	5.6	mut
CHAGOK1	5.6	mut
IPC298	5.7	mut
59M	5.7	mut
YD15	5.7	mut
C2BBE1	5.8	mut
ES2	5.9	mut
KYSE510	6	mut
SNU387	6	mut
KYSE520	6.2	mut
PATU8988S	6.3	mut
KMM1	6.3	mut
LCLC103H	6.4	mut
CAMA1	6.5	mut
HCC44	6.7	mut
PATU8988T	6.8	mut
Panc1005	6.8	mut
YAPC	7	mut
KYSE140	7	mut
T3M4	7.1	mut
SUPT1	7.1	mut
KALS1	7.2	mut
NCIH1339	7.2	mut
SW620	7.3	mut
MKN74	7.3	mut
FADU	7.5	mut
BICR78	7.5	mut
SNU601	7.7	mut
ESO26	7.7	mut
MDAMB157	8	mut
NCIH716	8	mut
MDAMB415	8	mut
ONCODG1	8	mut
Calu6	8.1	mut
PC14	8.4	mut
HEC1A	8.4	mut
Daoy	8.4	mut
A253	8.4	mut
TE1	8.5	mut
NCIH1650	8.5	mut
8305C	8.6	mut
HuCCT1	8.6	mut
KYSE410	8.7	mut
VMRCRCW	8.7	mut
TE9	8.7	mut
BHY	8.8	mut
SKGT2	8.8	mut
GAMG	8.9	mut
MDAMB231	9	mut
NCIH1703	9	mut
MOLT4	9	mut
NCIH1437	9.2	mut
HCC1187	9.2	mut
JHH6	9.3	mut
SCC25	9.3	mut
MDAMB468	9.4	mut
RPMI8402	9.4	mut
KMS18	9.5	mut
AML193	9.5	mut
SW837	9.9	mut
TE10	9.9	mut
NCIH211	10	mut
SU8686	10.2	mut
HPAC	10.2	mut
NCIH2009	10.3	mut
SR786	10.4	mut
OE33	10.4	mut
GCIY	10.4	mut
NCIH1975	10.5	mut
BICR6	10.6	mut
SHP77	10.6	mut
CJM	10.7	mut
NCIH1048	10.7	mut
SNU449	10.8	mut
KMS27	11	mut
GB1	11	mut
KYSE30	11	mut
NCIH647	11	mut
PANC0203	11.1	mut
LNCAPCLONEFGC	11.2	mut
U251MG	11.3	mut
SKMES1	11.3	mut
HS944T	11.3	mut
PANC0213	11.3	mut
DANG	11.5	mut
SKGT4	11.6	mut
RDES	11.7	mut
MIAPACA2	11.7	mut
UMUC3	11.7	mut
SNU475	11.8	mut
HCC15	11.9	mut
NCIH1648	12.1	mut
GSS	12.1	mut
P31FUJ	12.4	mut
OV90	12.4	mut
HCC1937	12.5	mut
HCC827	12.7	mut
OV7	12.7	mut
RERFLCAD1	12.8	mut
COV504	13	mut
NCIH2172	13	mut
SNU8	13.1	mut
WM983B	13.1	mut
LUDLU1	13.2	mut
SNU1077	13.2	mut
NCIH1373	13.3	mut
HCC95	13.3	mut
NCIH520	13.4	mut
HEL9217	13.4	mut
A431	13.5	mut
KYSE70	13.6	mut
KYSE150	13.6	mut
LMSU	13.8	mut
PECAPJ41cloneD2	14	mut
NCIH1693	14.1	mut
SNU213	14.2	mut
NCIH2030	14.2	mut
EPLC272H	14.2	mut
647V	14.2	mut
NCIH1792	14.3	mut
CAL27	14.3	mut
CAL33	14.3	mut
TM31	14.3	mut
MeWo	14.4	mut
NCIH2170	14.4	mut
NCIH1915	14.4	mut
HCC366	14.5	mut
HT29	14.8	mut
HuH6	14.8	mut
SNU1066	14.8	mut
KP2	15	mut
KYSE270	15	mut
SNU1076	15	mut
CORL279	15.1	mut
NCIH838	15.2	mut
KMRC20	15.2	mut
NCIH661	15.2	mut
A704	15.2	mut
GSU	15.3	mut
NCIH747	15.4	mut
OE21	15.4	mut
ESO51	15.4	mut
OCUM1	15.5	mut
Raji	15.6	mut
LS1034	15.7	mut
PLCPRF5	15.7	mut
SNU685	15.9	mut
HCC1143	16	mut
YD38	16.1	mut
JHOS2	16.2	mut
NUGC3	16.2	mut
TCCPAN2	16.3	mut
BICR18	16.3	mut
COV362	16.5	mut
DND41	16.6	mut
NCIH1793	16.6	mut
SNU423	16.7	mut
HCC202	16.8	mut
HCC2935	16.8	mut
PANC0403	16.9	mut
SF539	16.9	mut
SNU886	17	mut
SNU1196	17.1	mut
HSC2	17.1	mut
CAL29	17.2	mut
NCIH446	17.2	mut
COLO741	17.4	mut
HEC251	17.4	mut
PK1	17.5	mut
Hs746T	17.6	mut
OVK18	17.7	mut
EKVX	17.7	mut
F36P	17.7	mut
LXF289	17.8	mut
NOMO1	17.8	mut
RKN	17.8	mut
EFE184	17.8	mut
LOUNH91	18	mut
SNU245	18.1	mut
NCIH23	18.2	mut
JHH2	18.3	mut
BXPC3	18.4	mut
PECAPJ15	18.4	mut
SCC4	18.4	mut
LK2	18.5	mut
NCIH3122	18.5	mut
SNU410	18.6	mut
DETROIT562	18.6	mut
SNU308	18.6	mut
NCIH2126	18.7	mut
DEL	18.7	mut
RPMI7951	18.8	mut
TEN	18.8	mut
RD	18.9	mut
NCIH441	19	mut
TCCSUP	19.1	mut
HUG1N	19.2	mut
HCC1359	19.3	mut
BICR56	19.3	mut
LN18	19.5	mut
SNU478	19.6	mut
T84	19.7	mut
CAL120	19.8	mut
PECAPJ34CLONEC12	19.8	mut
KM12	19.9	mut
HSC3	20.2	mut
KNS62	20.2	mut
GCT	20.2	mut
OACM51	20.2	mut
639V	20.3	mut
T98G	20.4	mut
NCIH322	20.5	mut
SKOV3	20.6	mut
JHH7	20.6	mut
OUMS23	20.9	mut
SF295	20.9	mut
RCM1	20.9	mut
PSN1	21.1	mut
YKG1	21.1	mut
SKNDZ	21.3	mut
SW1463	21.4	mut
HDMYZ	21.6	mut
SNU878	21.8	mut
KCL22	22	mut
EGI1	22.1	mut
NCIH526	22.4	mut
ABC1	22.5	mut
MORCPR	22.6	mut
HOP62	22.6	mut
BT549	22.6	mut
CAOV3	22.6	mut
SNU201	22.7	mut
SNU503	22.8	mut
MDAMB435S	22.8	mut
COLO800	23.2	mut
KARPAS422	23.4	mut
S117	23.6	mut
EBC1	23.7	mut
U937	23.9	mut
KMS26	23.9	mut
EJM	23.9	mut
MKN45	23.9	mut
CL40	23.9	mut
NCIH2286	24.4	mut
SUIT2	24.6	mut
KYSE450	24.7	mut
RH41	24.8	mut
CL11	24.8	mut
SW1088	24.9	mut
SW1271	25	mut
JHH5	25.1	mut
SEM	25.4	mut
M059K	25.5	mut
NCIH1155	25.8	mut
SKMEL2	26.1	mut
BICR16	26.3	mut
SNU216	26.7	mut
SNU349	26.8	mut
SUDHL4	26.9	mut
JHOS4	27.1	mut
SKBR3	27.1	mut
J82	27.2	mut
42MGBA	27.4	mut
SNU1105	27.4	mut
NCIH2087	27.7	mut
KU812	27.7	mut
HS729	28	mut
EN	28	mut
TGBC11TKB	28	mut
HCC56	28.1	mut
OPM2	28.1	mut
EFO21	28.2	mut
EFO27	28.2	mut
KELLY	28.3	mut
COV318	28.3	mut
TE8	28.5	mut
PF382	28.8	mut
KNS60	28.8	mut
IGR39	28.9	mut
HS578T	29.1	mut
SH10TC	29.1	mut
KMBC2	29.4	mut
NCIH2291	29.7	mut
HUPT3	29.8	mut
HT115	29.8	mut
FLO1	29.9	mut
KE39	30	mut
SW1417	30	mut
JHUEM7	30.2	mut
SKMEL30	30.3	mut
HT55	30.6	mut
KP3	30.9	mut
U118MG	30.9	mut
NCIH2122	31.1	mut
SKPNDW	31.2	mut
FU97	31.2	mut
NCIH1092	31.3	mut
SNU407	31.8	mut
CORL311	31.9	mut
T47D	32	mut
EFM19	32	mut
KYSE180	32.1	mut
IALM	32.1	mut
RT112	32.2	mut
NCIH2110	32.2	mut
NCIH727	32.2	mut
SNB75	32.3	mut
SNU1033	32.5	mut
A673	32.8	mut
VMCUB1	32.8	mut
CFPAC1	32.9	mut
HCC1954	33.2	mut
CAL78	33.4	mut
HEC59	33.5	mut
UMUC1	33.7	mut
HUPT4	34.3	mut
THP1	34.4	mut
YD8	34.4	mut
T24	34.8	mut
REH	35	mut
RMUGS	35.3	mut
HEC1B	35.5	mut
TE5	35.9	mut
AU565	36.2	mut
TE4	36.2	mut
ISTMES2	36.2	mut
786O	36.5	mut
SNU182	36.6	mut
JHOM1	36.7	mut
COLO320	37.6	mut
SW948	37.6	mut
HT	37.6	mut
KNS42	38.1	mut
HEC6	38.1	mut
RH30	38.5	mut
MHHES1	38.6	mut
BFTC909	38.8	mut
BFTC905	38.8	mut
HARA	39.3	mut
HS683	39.3	mut
RPMI8226	39.3	mut
CORL47	39.7	mut
JeKo1	39.7	mut
OVCAR8	39.8	mut
TE6	40	mut
RL952	40.2	mut
KYO1	40.3	mut
HGC27	40.9	mut
DB	41.2	mut
SNU398	41.3	mut
ESS1	41.4	mut
SW13	41.4	mut
PC3	41.6	mut
EM2	41.9	mut
SKES1	42	mut
MFE319	42.1	mut
TC71	42.6	mut
CAS1	42.9	mut
SKNEP1	43.2	mut
CW2	43.3	mut
KLE	44	mut
HEC151	44	mut
BICR31	44.3	mut
KARPAS299	44.5	mut
C33A	44.7	mut
NCIH841	44.8	mut
PATU8902	45	mut
NCO2	45	mut
KASUMI1	45.3	mut
JHH4	45.6	mut
8MGBA	45.7	mut
Vcap	45.8	mut
SCaBER	46	mut
NCCSTCK140	46.7	mut
MDAMB436	47.3	mut
SF268	47.4	mut
SW579	47.5	mut
HEL	47.6	mut
CMLT1	47.8	mut
KURAMOCHI	47.9	mut
HUH7	47.9	mut
NCIH1573	48	mut
RVH421	48.2	mut
YH13	48.2	mut
PA1	48.4	mut
HT1376	48.6	mut
HCC1419	48.7	mut
SKNBE2	49.1	mut
NCIN87	49.2	mut
MCC26	49.3	mut
SNU46	49.7	mut
QGP1	49.8	mut
CCK81	49.9	mut
OAW28	49.9	mut
SKUT1	50.4	mut
NCIH82	50.8	mut
LCLC97TM1	51.4	mut
OV17R	51.5	mut
L33	51.9	mut
TOV112D	52.4	mut
A4FUK	52.5	mut
HCC1395	52.6	mut
NCIH1581	52.8	mut
K562	53.2	mut
MONOMAC1	53.4	mut
JMSU1	55	mut
KMS20	55.4	mut
TE15	56.4	mut
SNU1040	56.4	mut
NCIH522	57	mut
ASPC1	57.2	mut
MEG01	57.3	mut
CAL12T	57.6	mut
JURLMK1	58.2	mut
SNU738	59.3	mut
SNU668	59.9	mut
MDAMB361	60.1	mut
SNUC4	60.7	mut
SNU16	60.9	mut
HPAFII	61.2	mut
BL70	62.7	mut
BT474	64.1	mut
MONOMAC6	65	mut
CA46	65.4	mut
NCIH146	65.7	mut
IGR37	65.9	mut
CORL321	66.2	mut
Set2	67.1	mut
NCIH2066	67.3	mut
LAN6	68.2	mut
SKNFI	69	mut
SW1710	69.6	mut
OVCAR4	70.1	mut
HCC1569	71.1	mut
OC314	71.4	mut
MFE280	72	mut
IGROV1	72	mut
DU145	73	mut
TT	73.1	mut
GMS10	73.9	mut
IshikawaHeraklio02ER	74.1	mut
SW1783	74.2	mut
CL34	74.8	mut
LAMA84	74.9	mut
ECC10	75.1	mut
SW403	75.2	mut
SNU489	77.3	mut
SNU620	77.4	mut
MKN1	78.4	mut
HDQP1	78.8	mut
CORL95	80	mut
LS411N	80	mut
FUOV1	81.3	mut
HH	81.5	mut
22RV1	81.5	mut
REC1	83.5	mut
SNU119	88.3	mut
SKMEL3	89.5	mut
SNUC2A	90.1	mut
NCIH196	90.3	mut
NCIH854	97.4	mut
SNUC1	99.5	mut
BL41	100	mut
